{
  "project_info": {
    "project_number": "526821086245",
    "project_id": "test-project-d4016",
    "storage_bucket": "test-project-d4016.appspot.com"
  },
  "client": [
    {
      "client_info": {
        "mobilesdk_app_id": "1:526821086245:android:884df8af86dc83dd62dbcc",
        "android_client_info": {
          "package_name": "com.example.myapplication"
        }
      },
      "oauth_client": [
        {
          "client_id": "526821086245-31vsgkdv9fgqg4074naf405hkv6gr333.apps.googleusercontent.com",
          "client_type": 3
        }
      ],
      "api_key": [
        {
          "current_key": "AIzaSyD3VeEgZ04By09N45SN2HN8jLxn7HVastw"
        }
      ],
      "services": {
        "appinvite_service": {
          "other_platform_oauth_client": [
            {
              "client_id": "526821086245-31vsgkdv9fgqg4074naf405hkv6gr333.apps.googleusercontent.com",
              "client_type": 3
            }
          ]
        }
      }
    }
  ],
  "configuration_version": "1"
}